{
  "protein_sizes": {
    "mean_residues": 145.70833333333334,
    "median_residues": 105.0,
    "std_residues": 118.26168291057449,
    "min_residues": 52,
    "max_residues": 729,
    "total_proteins": 168,
    "mean_volume": 36576.14898476377,
    "std_volume": 38332.9146484459,
    "mean_surface": 5511.947812327649,
    "std_surface": 3892.4949611155876,
    "mean_max_dimension": 49.28753551982698,
    "std_max_dimension": 20.06733056106353
  },
  "cofactors": {
    "total_cofactors": 168,
    "counts": {
      "[4Fe-4S]": 92,
      "[2Fe-2S]": 60,
      "[3Fe-4S]": 10,
      "Fe3+": 6
    },
    "proportions": {
      "[4Fe-4S]": 0.5476190476190477,
      "[2Fe-2S]": 0.35714285714285715,
      "[3Fe-4S]": 0.05952380952380952,
      "Fe3+": 0.03571428571428571
    },
    "burial_depth": {
      "mean": 7.445556951420648,
      "median": 5.432609558105469,
      "std": 4.732989506396124,
      "min": 2.2308037281036377,
      "max": 27.706323623657227
    }
  },
  "conditions": {
    "Em": {
      "mean": -285.32142857142856,
      "median": -375.0,
      "std": 259.8948963386106,
      "min": -746.0,
      "max": 450.0
    },
    "pH": {
      "mean": 7.317857142857143,
      "median": 7.0,
      "std": 0.456269883966214,
      "min": 6.5,
      "max": 9.0
    },
    "Em_per_cofactor": {
      "[2Fe-2S]": {
        "mean": -267.05,
        "median": -343.0,
        "std": 199.58613322641224,
        "min": -494.0,
        "max": 310.0,
        "count": 60
      },
      "[4Fe-4S]": {
        "mean": -322.19565217391306,
        "median": -403.5,
        "std": 297.16455792436483,
        "min": -746.0,
        "max": 450.0,
        "count": 92
      },
      "[3Fe-4S]": {
        "mean": -201.4,
        "median": -200.0,
        "std": 188.56605090937114,
        "min": -429.0,
        "max": 65.0,
        "count": 10
      },
      "Fe3+": {
        "mean": -42.5,
        "median": -52.0,
        "std": 30.25061982836054,
        "min": -66.0,
        "max": 16.0,
        "count": 6
      }
    }
  },
  "mutations": {
    "total_entries": 168,
    "wild_type": 118,
    "mutant": 50,
    "proportion_mutant": 29.761904761904763
  },
  "cofactor_statistics": {
    "cofactor_stats": [
      {
        "cofactor": "[2Fe-2S]",
        "count": 60,
        "em_mean": -267.05,
        "em_std": 199.58613322641224,
        "em_median": -343.0,
        "burial_mean": 6.004907139142355,
        "burial_std": 3.545020591248171,
        "burial_median": 5.143346309661865,
        "ph_mean": 7.166666666666667,
        "ph_std": 0.3089987475519934,
        "ph_median": 7.0
      },
      {
        "cofactor": "[4Fe-4S]",
        "count": 92,
        "em_mean": -322.19565217391306,
        "em_std": 297.16455792436483,
        "em_median": -403.5,
        "burial_mean": 8.295395703419395,
        "burial_std": 4.877225708288134,
        "burial_median": 6.244290590286255,
        "ph_mean": 7.4206521739130435,
        "ph_std": 0.5130255104678777,
        "ph_median": 7.0
      },
      {
        "cofactor": "[3Fe-4S]",
        "count": 10,
        "em_mean": -201.4,
        "em_std": 188.56605090937114,
        "em_median": -200.0,
        "burial_mean": 10.189693832397461,
        "burial_std": 7.507373503246312,
        "burial_median": 7.18091607093811,
        "ph_mean": 7.470000000000001,
        "ph_std": 0.47152235719351987,
        "ph_median": 7.65
      },
      {
        "cofactor": "Fe3+",
        "count": 6,
        "em_mean": -42.5,
        "em_std": 30.25061982836054,
        "em_median": -52.0,
        "burial_mean": 4.247632741928101,
        "burial_std": 0.035508888557073244,
        "burial_median": 4.2387566566467285,
        "ph_mean": 7.0,
        "ph_std": 0.0,
        "ph_median": 7.0
      }
    ]
  },
  "cofactor_sizes": {
    "cofactor_sizes": [
      {
        "cofactor": "[2Fe-2S]",
        "residue_count_mean": 163.21666666666667,
        "residue_count_median": 159.0,
        "residue_count_std": 73.64239984924143,
        "max_dimension_mean": 61.55471661885579,
        "max_dimension_median": 54.92000198364258,
        "max_dimension_std": 18.963488295372684
      },
      {
        "cofactor": "[4Fe-4S]",
        "residue_count_mean": 137.81521739130434,
        "residue_count_median": 81.0,
        "residue_count_std": 139.6924361765974,
        "max_dimension_mean": 42.78953228826108,
        "max_dimension_median": 37.4900016784668,
        "max_dimension_std": 16.83750548182998
      },
      {
        "cofactor": "[3Fe-4S]",
        "residue_count_mean": 168.7,
        "residue_count_median": 105.0,
        "residue_count_std": 121.79002422201911,
        "max_dimension_mean": 48.587100219726565,
        "max_dimension_median": 37.97999954223633,
        "max_dimension_std": 20.478500133144575
      },
      {
        "cofactor": "Fe3+",
        "residue_count_mean": 53.333333333333336,
        "residue_count_median": 53.5,
        "residue_count_std": 0.7453559924999298,
        "max_dimension_mean": 27.41916624704997,
        "max_dimension_median": 27.43299961090088,
        "max_dimension_std": 1.4524659796563468
      }
    ]
  },
  "protein_coverage": {
    "unique_proteins": 93,
    "proteins_per_cofactor": {
      "Fe3+": 5,
      "[2Fe-2S]": 31,
      "[3Fe-4S]": 8,
      "[4Fe-4S]": 56
    },
    "avg_cofactors_per_protein": 1.8064516129032258
  },
  "protein_detailed_stats": {
    "protein_detailed_stats": [
      {
        "UniProt": "P0A3C7",
        "residue_count": 99,
        "max_dimension": 36.1150016784668
      },
      {
        "UniProt": "P00263",
        "residue_count": 81,
        "max_dimension": 36.819000244140625
      },
      {
        "UniProt": "O52681",
        "residue_count": 161,
        "max_dimension": 53.121002197265625
      },
      {
        "UniProt": "Q8N5K1",
        "residue_count": 131,
        "max_dimension": 47.093997955322266
      },
      {
        "UniProt": "P00459",
        "residue_count": 542,
        "max_dimension": 64.4729995727539
      },
      {
        "UniProt": "P00208",
        "residue_count": 83,
        "max_dimension": 37.52899932861328
      },
      {
        "UniProt": "P00262",
        "residue_count": 83,
        "max_dimension": 33.85499954223633
      },
      {
        "UniProt": "P00260",
        "residue_count": 85,
        "max_dimension": 33.43899917602539
      },
      {
        "UniProt": "P07485",
        "residue_count": 59,
        "max_dimension": 33.417999267578125
      },
      {
        "UniProt": "Q9NZ45",
        "residue_count": 142,
        "max_dimension": 55.170997619628906
      },
      {
        "UniProt": "P00261",
        "residue_count": 85,
        "max_dimension": 32.052001953125
      },
      {
        "UniProt": "P00259",
        "residue_count": 107,
        "max_dimension": 36.141998291015625
      },
      {
        "UniProt": "P00265",
        "residue_count": 74,
        "max_dimension": 31.145000457763672
      },
      {
        "UniProt": "Q9CQB5",
        "residue_count": 135,
        "max_dimension": 81.14199829101562
      },
      {
        "UniProt": "P33678",
        "residue_count": 62,
        "max_dimension": 28.982999801635742
      },
      {
        "UniProt": "P00207",
        "residue_count": 63,
        "max_dimension": 31.78999900817871
      },
      {
        "UniProt": "P46797",
        "residue_count": 60,
        "max_dimension": 31.940000534057617
      },
      {
        "UniProt": "P27787",
        "residue_count": 150,
        "max_dimension": 82.11799621582031
      },
      {
        "UniProt": "Q46FL2",
        "residue_count": 370,
        "max_dimension": 63.558998107910156
      },
      {
        "UniProt": "P80882",
        "residue_count": 75,
        "max_dimension": 35.157997131347656
      },
      {
        "UniProt": "P00264",
        "residue_count": 71,
        "max_dimension": 32.78099822998047
      },
      {
        "UniProt": "P11425",