Cofactor,Count,Proportion
[4Fe-4S],92,0.5476190476190477
[2Fe-2S],60,0.35714285714285715
[3Fe-4S],10,0.05952380952380952
Fe3+,6,0.03571428571428571
